<?xml version="1.0" standalone="yes"?>
<Configuration>
  <appSettings>
    <Aplicacion>SVSP</Aplicacion>
    <Titulo>Control de Empresas</Titulo>
    <Version>v1.4</Version>
    <Modulos>
      <Modulo>
        <IdModulo>1.7</IdModulo>
        <NombreModulo>Control de Empresas de Vigilancia y Seguridad Privada</NombreModulo>
       
      </Modulo>
    </Modulos>
    <Mensajeria>
      <From>soporte@ssp.mil.do</From>
      <To>soporte@ssp.mil.do</To>
      <Cc>Notificaciones@ssp.mil.do,britanicobrown@gmail.com,solis211@hotmail.com</Cc>
       <Subject>Control de Empresas de Vigilancia y Seguridad Privada</Subject>
      <Message />
    </Mensajeria>
  </appSettings>
  <connectionStrings>
    <Oracle>Data Source=(DESCRIPTION=(ADDRESS_LIST=(ADDRESS=(PROTOCOL=TCP)(HOST=myhost)(PORT=1522)))(CONNECT_DATA=(SERVER=DEDICATED)(SERVICE_NAME=myserver)));USER ID=myuser;PASSWORD=mypass; PERSIST SECURITY INFO=False</Oracle>
    <!--IP LOCAL DEL HOSTING-->
    <!--<sqlServer>Data Source=10.61.44.196;Initial Catalog=saespgob_rrhh2;User ID=saespgob_sa;Password=@Svsp#db1234</sqlServer>-->
  
    <!--IP DE MI PC-->
    <sqlServer>Data Source=ing-solis;Initial Catalog=rrhh2;User ID=sa;Password=12345678</sqlServer>

    <!--IP DEL SERVIDOR DE SVSP-->
    <!--<sqlServer>Data Source=SERVER_DB;Initial Catalog=rrhh2;User ID=sa;Password=Svsp@12345gtic</sqlServer>-->
 
  </connectionStrings>
</Configuration>